Date,Close,Volume,Open,High,Low
01/02/2026,$173.59,2957900,$173.80,$174.68,$172.20
12/31/2025,$171.05,4682600,$173.61,$173.78,$171.01
12/30/2025,$173.65,3429300,$174.06,$174.40,$173.34
12/29/2025,$173.43,3978400,$174.01,$175.19,$172.79
12/26/2025,$174.81,2442800,$175.00,$175.50,$174.35
12/24/2025,$174.77,1645300,$175.04,$175.49,$174.42
12/23/2025,$174.75,4690400,$173.61,$175.27,$173.51
12/22/2025,$174.22,6422100,$177.56,$178.32,$173.90
12/19/2025,$175.25,25223500,$174.44,$177.19,$174.20
12/18/2025,$174.19,8967500,$175.71,$177.08,$173.53
12/17/2025,$172.34,8501900,$176.12,$177.48,$172.05
12/16/2025,$176.12,7136000,$179.19,$179.19,$174.81
12/15/2025,$179.26,6954700,$179.72,$180.31,$176.39
12/12/2025,$178.29,8865800,$181.25,$183.11,$177.87
12/11/2025,$181.27,6319200,$181.37,$181.64,$178.09
12/10/2025,$182.21,11100100,$175.81,$183.44,$175.25
12/09/2025,$176.00,7719100,$174.50,$176.35,$172.32
12/08/2025,$175.31,6690200,$174.74,$175.50,$173.72
12/05/2025,$174.81,8400100,$174.74,$177.25,$174.50
12/04/2025,$174.35,7245000,$174.33,$174.93,$173.23
12/03/2025,$175.07,7624300,$170.90,$175.09,$170.35
12/02/2025,$170.70,9159100,$168.75,$171.17,$167.64
12/01/2025,$168.04,6818300,$165.91,$169.03,$165.50
11/28/2025,$168.09,5068800,$165.03,$168.19,$164.13
11/26/2025,$165.14,7967700,$164.12,$166.25,$163.15
11/25/2025,$163.30,7758100,$163.99,$164.97,$161.87
11/24/2025,$165.06,12070100,$164.37,$166.94,$163.72
11/21/2025,$163.30,10815000,$160.75,$165.27,$159.10
11/20/2025,$159.59,12075400,$167.13,$168.88,$158.85
11/19/2025,$166.11,8176500,$164.69,$167.51,$164.11
11/18/2025,$165.06,11073200,$164.89,$166.79,$161.39
11/17/2025,$166.75,10211100,$172.80,$174.84,$165.17
11/14/2025,$173.98,7949900,$171.78,$175.69,$171.40
11/13/2025,$174.50,9526100,$176.63,$178.83,$173.03
11/12/2025,$176.67,8785800,$175.00,$177.42,$174.88
11/11/2025,$173.98,8419100,$171.00,$175.98,$171.00
11/10/2025,$171.57,10129300,$173.76,$174.80,$169.50
11/07/2025,$170.89,10614700,$172.73,$174.25,$168.25
11/06/2025,$173.20,16184700,$177.80,$178.51,$170.06
11/05/2025,$179.72,18845500,$174.76,$183.43,$174.32
11/04/2025,$172.84,12323600,$177.48,$179.34,$172.29
11/03/2025,$180.72,8535100,$182.95,$183.45,$179.09
10/31/2025,$180.90,9452800,$178.52,$182.15,$176.83
10/30/2025,$177.26,7862900,$178.68,$179.88,$177.19
10/29/2025,$178.67,11614600,$182.00,$183.49,$178.20
10/28/2025,$181.03,20323100,$183.93,$185.91,$179.41
10/27/2025,$187.68,81799300,$168.95,$205.95,$168.82
10/24/2025,$168.94,6256000,$171.69,$172.42,$168.47
10/23/2025,$170.03,6546400,$168.33,$171.25,$167.88
10/22/2025,$169.27,10083800,$167.49,$169.78,$166.02
10/21/2025,$168.83,6176100,$166.80,$169.24,$166.20
10/20/2025,$167.04,8194100,$163.34,$167.65,$162.06
10/17/2025,$163.45,4833100,$162.86,$163.79,$161.67
10/16/2025,$164.08,5686700,$164.49,$165.19,$162.21
10/15/2025,$162.97,7334100,$164.24,$164.24,$160.31
10/14/2025,$161.74,8675200,$159.30,$164.27,$159.26
10/13/2025,$161.78,10311000,$155.95,$162.39,$155.78
10/10/2025,$153.59,15818600,$164.82,$165.09,$153.35
10/09/2025,$165.66,6928400,$167.37,$167.61,$163.23
10/08/2025,$167.77,7302200,$166.24,$168.55,$163.89
10/07/2025,$165.46,7147500,$169.90,$171.98,$165.14
10/06/2025,$168.62,8265800,$170.54,$170.88,$167.72
10/03/2025,$169.18,5137900,$168.85,$171.75,$168.74
10/02/2025,$168.85,5499500,$167.75,$169.54,$167.18
10/01/2025,$166.49,6153000,$165.80,$166.77,$164.49
09/30/2025,$166.36,5593300,$165.64,$166.84,$164.88
09/29/2025,$165.30,7523100,$169.20,$169.84,$164.76
09/26/2025,$169.20,4846000,$169.68,$170.93,$168.13
09/25/2025,$169.68,8093700,$171.21,$171.97,$167.94
09/24/2025,$173.55,9213700,$169.05,$174.44,$168.67
09/23/2025,$169.53,5468400,$169.82,$170.85,$168.30
09/22/2025,$169.72,6196600,$166.85,$170.22,$165.92
09/19/2025,$166.85,19444400,$169.17,$169.58,$166.29
09/18/2025,$168.13,10421200,$166.88,$168.86,$166.23
09/17/2025,$165.26,6057800,$164.68,$166.37,$163.23
09/16/2025,$164.14,7997500,$161.82,$165.00,$161.50
09/15/2025,$161.22,5604800,$161.40,$162.68,$160.21
09/12/2025,$161.83,5430600,$161.33,$162.33,$159.58
09/11/2025,$161.51,8360200,$159.19,$162.07,$157.96
09/10/2025,$158.95,8256900,$158.62,$159.21,$156.61
09/09/2025,$158.66,6126000,$160.37,$161.60,$157.57
09/08/2025,$160.24,7019700,$160.29,$160.29,$158.01
09/05/2025,$159.84,7954200,$160.08,$163.49,$159.15
09/04/2025,$159.71,7781200,$156.20,$159.86,$154.47
09/03/2025,$157.28,6336400,$159.40,$159.57,$156.06
09/02/2025,$158.78,7520300,$157.82,$158.94,$154.60
08/29/2025,$160.73,9949100,$159.53,$161.60,$159.40
08/28/2025,$160.80,8156300,$159.91,$161.22,$159.03
08/27/2025,$159.77,4549900,$158.36,$159.97,$157.80
08/26/2025,$159.17,9173000,$157.66,$159.96,$157.41
08/25/2025,$156.42,4653000,$157.61,$158.05,$155.40
08/22/2025,$158.01,7711500,$154.83,$159.89,$154.56
08/21/2025,$154.13,4997300,$154.82,$155.20,$153.05
08/20/2025,$155.44,7151700,$156.39,$156.64,$153.46
08/19/2025,$156.25,6396500,$159.07,$159.43,$156.05
08/18/2025,$158.90,4774400,$157.78,$159.75,$157.24
08/15/2025,$157.85,7583700,$158.04,$159.26,$156.69
08/14/2025,$158.09,6294800,$154.90,$158.65,$154.90
08/13/2025,$156.59,7103300,$153.97,$157.11,$153.63
08/12/2025,$153.73,9304100,$148.79,$153.90,$148.57
08/11/2025,$147.97,6215900,$148.57,$151.06,$147.71
08/08/2025,$147.56,5028700,$146.35,$148.02,$145.69
08/07/2025,$145.90,6753500,$148.32,$148.32,$144.81
08/06/2025,$145.84,8475700,$146.65,$146.71,$144.11
08/05/2025,$146.71,7794500,$148.52,$148.65,$145.67
08/04/2025,$147.51,8150200,$148.51,$150.79,$147.07
08/01/2025,$148.19,12706700,$146.46,$149.17,$145.79
07/31/2025,$146.76,24440100,$153.11,$156.80,$145.58
07/30/2025,$159.06,14382500,$163.00,$163.27,$158.00
07/29/2025,$162.08,9460900,$162.04,$163.60,$161.14
07/28/2025,$161.05,9627300,$159.76,$161.96,$159.16
07/25/2025,$158.40,4808200,$158.90,$159.20,$157.41
07/24/2025,$158.84,5014800,$158.35,$159.09,$156.79
07/23/2025,$159.88,7296200,$158.59,$160.04,$156.93
07/22/2025,$157.99,6951600,$158.96,$159.04,$156.17
07/21/2025,$158.97,7662300,$154.92,$159.93,$154.91
07/18/2025,$154.80,7433900,$153.04,$155.43,$152.73
07/17/2025,$152.61,7018600,$153.00,$153.53,$151.80
07/16/2025,$154.07,7106700,$154.30,$154.50,$151.54
07/15/2025,$154.30,6467300,$156.29,$156.71,$154.12
07/14/2025,$154.29,7382600,$156.42,$156.50,$153.48
07/11/2025,$157.46,5907700,$159.00,$159.17,$157.15
07/10/2025,$159.09,5674400,$158.99,$160.29,$157.79
07/09/2025,$159.35,4190100,$159.40,$161.48,$158.25
07/08/2025,$159.45,6879100,$159.47,$161.83,$158.61
07/07/2025,$158.09,7187400,$161.11,$161.49,$157.57
07/03/2025,$162.21,4280800,$163.04,$163.96,$162.09
07/02/2025,$162.32,8916400,$159.68,$162.79,$158.80
07/01/2025,$159.40,8942300,$158.22,$161.65,$157.98
06/30/2025,$159.26,7988200,$158.39,$159.86,$157.80
06/27/2025,$158.54,22100300,$158.65,$161.10,$157.57
06/26/2025,$158.19,6278200,$156.50,$158.42,$155.91
06/25/2025,$155.93,5280100,$156.10,$156.53,$154.59
06/24/2025,$155.71,7692700,$154.73,$156.30,$154.15
06/23/2025,$153.14,6860700,$151.23,$153.52,$149.68
06/20/2025,$151.32,15501900,$154.23,$155.12,$150.63
06/18/2025,$153.63,6708700,$155.00,$156.10,$153.15
06/17/2025,$154.46,7146900,$156.65,$157.58,$154.39
06/16/2025,$156.87,8686300,$157.03,$158.45,$155.64
06/13/2025,$154.72,8446400,$156.34,$157.17,$154.44
06/12/2025,$158.70,5689400,$159.00,$159.61,$157.95
06/11/2025,$159.48,8859900,$160.00,$162.14,$157.70
06/10/2025,$159.13,9068400,$156.19,$159.51,$155.07
06/09/2025,$155.41,10589400,$151.81,$156.12,$151.17
06/06/2025,$149.24,5794700,$149.80,$150.59,$149.05
06/05/2025,$147.56,5605500,$148.80,$150.08,$147.00
06/04/2025,$149.05,7143800,$150.00,$150.05,$147.38
06/03/2025,$148.94,6164100,$146.71,$149.78,$145.51
06/02/2025,$146.63,6419500,$144.80,$147.21,$144.48
05/30/2025,$145.20,13755600,$148.00,$148.02,$143.48
05/29/2025,$148.34,5980700,$149.86,$150.50,$147.24
05/28/2025,$147.60,7032300,$148.82,$149.49,$147.36
05/27/2025,$148.63,9788800,$147.55,$149.35,$146.43
05/23/2025,$145.38,8994600,$143.42,$146.49,$141.77
05/22/2025,$147.37,9539100,$151.39,$151.58,$147.22
05/21/2025,$151.31,9684500,$153.58,$156.13,$150.83
05/20/2025,$153.82,5269500,$153.04,$153.89,$151.93
05/19/2025,$153.70,7241100,$150.55,$153.82,$150.11
05/16/2025,$152.50,6668000,$152.87,$153.06,$151.30
05/15/2025,$152.61,6941200,$151.71,$153.39,$150.18
05/14/2025,$152.98,6971200,$151.93,$153.27,$150.43
05/13/2025,$151.34,10160900,$152.01,$153.29,$150.96
05/12/2025,$152.12,11414600,$154.08,$154.36,$149.83
05/09/2025,$145.18,6217100,$145.66,$146.98,$144.60
05/08/2025,$145.10,8489100,$145.64,$147.50,$143.89
05/07/2025,$144.30,10196400,$140.38,$144.70,$140.25
05/06/2025,$139.90,6957900,$137.82,$140.80,$137.46
05/05/2025,$139.44,7165300,$138.30,$140.77,$138.29
05/02/2025,$139.81,13185600,$137.85,$141.41,$137.29
05/01/2025,$135.21,22836600,$138.79,$138.96,$134.87
04/30/2025,$148.46,10851900,$145.20,$148.85,$143.88
04/29/2025,$146.88,6692000,$146.66,$148.26,$145.52
04/28/2025,$147.62,5743500,$148.18,$149.30,$145.44
04/25/2025,$148.56,5145600,$146.08,$149.20,$146.08
04/24/2025,$147.21,8810600,$142.78,$147.82,$141.99
04/23/2025,$140.46,9073500,$142.58,$143.88,$139.78
04/22/2025,$138.74,8228000,$136.75,$139.10,$136.49
04/21/2025,$136.14,8128300,$134.73,$136.55,$133.36
04/17/2025,$136.66,7135900,$137.38,$138.15,$135.71
04/16/2025,$135.74,10417200,$133.68,$137.31,$131.79
04/15/2025,$138.60,6346800,$139.46,$140.84,$138.03
04/14/2025,$139.19,6930300,$142.75,$143.11,$136.83
04/11/2025,$139.25,10955300,$134.00,$140.65,$131.11
04/10/2025,$134.40,14898800,$137.01,$139.06,$129.29
04/09/2025,$143.59,21242600,$125.16,$144.86,$124.19
04/08/2025,$124.66,14965900,$131.13,$135.29,$121.74
04/07/2025,$129.72,17938300,$124.59,$137.20,$120.80
04/04/2025,$127.46,19018600,$134.34,$135.86,$126.68
04/03/2025,$139.42,16465000,$147.00,$147.40,$138.56
04/02/2025,$154.08,5377200,$150.79,$155.46,$150.37
04/01/2025,$153.05,5708900,$152.39,$153.32,$150.26
03/31/2025,$153.61,8613600,$150.81,$153.85,$147.88
03/28/2025,$152.72,8918000,$156.92,$157.64,$151.56
03/27/2025,$157.97,6102000,$158.21,$159.25,$155.75
03/26/2025,$158.39,5960300,$159.45,$160.81,$156.85
03/25/2025,$160.15,3978200,$159.88,$161.47,$159.42
03/24/2025,$160.08,6033400,$160.00,$161.00,$158.80
03/21/2025,$156.82,10949300,$154.98,$157.42,$153.56
03/20/2025,$157.95,5089300,$158.00,$159.12,$156.52
03/19/2025,$158.26,5871000,$156.43,$160.51,$155.06
03/18/2025,$156.29,6898400,$157.95,$159.73,$155.92
03/17/2025,$157.95,5781000,$155.60,$158.72,$155.44
03/14/2025,$156.58,5309400,$153.56,$156.95,$153.54
03/13/2025,$151.94,5861700,$152.60,$155.63,$150.42
03/12/2025,$152.80,7117400,$154.21,$155.86,$151.92
03/11/2025,$153.10,8692900,$154.85,$156.23,$150.86
03/10/2025,$154.98,10139900,$157.35,$159.26,$152.61
03/07/2025,$161.22,8727600,$155.22,$161.82,$155.22
03/06/2025,$156.04,7808100,$154.11,$157.88,$154.09
03/05/2025,$158.49,6786900,$155.04,$159.15,$153.03
03/04/2025,$154.46,8956800,$155.27,$157.20,$151.35
03/03/2025,$153.62,9601900,$158.99,$160.08,$152.52
02/28/2025,$157.17,10149500,$155.10,$157.31,$153.40
02/27/2025,$154.44,10807200,$162.34,$163.25,$154.10
02/26/2025,$162.10,9161900,$161.83,$164.14,$160.93
02/25/2025,$161.22,8244900,$161.66,$163.33,$159.44
02/24/2025,$161.10,9827800,$165.91,$166.59,$160.99
02/21/2025,$165.43,12531900,$174.98,$175.43,$165.21
02/20/2025,$173.70,6316400,$176.00,$176.39,$172.90
02/19/2025,$175.22,6849600,$173.99,$176.50,$173.35
02/18/2025,$173.64,7292600,$173.26,$173.72,$171.24
02/14/2025,$172.23,4691300,$172.60,$172.82,$171.04
02/13/2025,$172.15,6362200,$170.19,$172.36,$169.47
02/12/2025,$170.29,5505700,$169.55,$170.93,$168.24
02/11/2025,$171.99,6588100,$169.65,$172.70,$169.11
02/10/2025,$171.36,6237700,$169.73,$171.80,$169.00
02/07/2025,$167.96,7841700,$169.83,$171.30,$166.06
02/06/2025,$169.32,16293500,$167.84,$169.49,$165.40
02/05/2025,$175.86,15197800,$173.00,$177.00,$169.90
02/04/2025,$173.04,5457900,$168.50,$173.79,$168.50
02/03/2025,$170.24,7447100,$168.88,$172.58,$168.06
01/31/2025,$172.93,7800500,$172.51,$176.79,$172.29
01/30/2025,$171.93,6010600,$172.34,$173.54,$170.97
01/29/2025,$171.71,5118900,$171.55,$173.49,$170.22
01/28/2025,$171.55,8720200,$170.22,$173.49,$169.81
01/27/2025,$171.18,15632600,$172.10,$172.20,$167.28
01/24/2025,$172.11,5825800,$175.10,$175.20,$171.94
01/23/2025,$174.36,7172300,$170.38,$174.38,$169.38
01/22/2025,$170.24,7281700,$168.32,$172.09,$168.19
01/21/2025,$167.27,7380500,$166.00,$168.68,$165.35
01/17/2025,$164.56,8097500,$165.38,$165.61,$163.10
01/16/2025,$161.43,7188900,$165.35,$165.84,$161.28
01/15/2025,$164.41,9284000,$162.10,$165.45,$162.09
01/14/2025,$159.53,6476500,$160.14,$161.01,$156.56
01/13/2025,$157.13,5714700,$155.22,$157.37,$154.80
01/10/2025,$156.98,6236800,$157.70,$158.28,$155.55
01/08/2025,$159.08,7731900,$160.05,$160.19,$156.94
01/07/2025,$160.52,7666000,$162.00,$163.45,$159.25
01/06/2025,$159.85,9599800,$159.33,$165.67,$159.33
01/03/2025,$157.83,5885800,$155.42,$158.44,$154.49
01/02/2025,$153.64,5009100,$155.01,$157.51,$152.79
12/31/2024,$153.62,4423300,$154.72,$155.84,$153.21
12/30/2024,$154.58,5356000,$155.23,$156.13,$153.80
12/27/2024,$157.24,7232500,$157.19,$157.75,$155.52
12/26/2024,$158.53,3846900,$157.40,$159.56,$157.35
12/24/2024,$159.36,2839600,$158.64,$159.40,$157.54
12/23/2024,$158.24,8863200,$155.66,$158.69,$154.55
12/20/2024,$152.89,17347100,$149.58,$154.57,$149.43
12/19/2024,$150.40,8414800,$154.03,$155.47,$150.06
12/18/2024,$153.05,10295200,$158.25,$161.16,$152.32
12/17/2024,$157.92,7187400,$156.49,$159.98,$156.49
12/16/2024,$157.89,9951100,$158.16,$158.71,$154.02
12/13/2024,$158.53,8886700,$158.24,$159.68,$156.62
12/12/2024,$158.24,5796100,$158.67,$159.46,$156.92
12/11/2024,$159.83,7081800,$157.29,$160.46,$156.97
12/10/2024,$156.46,8683600,$160.77,$161.49,$156.04
12/09/2024,$160.74,9481200,$157.48,$162.93,$157.47
12/06/2024,$159.51,9918400,$160.39,$160.39,$157.24
12/05/2024,$160.39,7279800,$162.59,$164.45,$159.93
12/04/2024,$163.34,6721600,$164.48,$165.00,$162.24
12/03/2024,$162.58,6961400,$161.50,$163.86,$161.32
12/02/2024,$163.03,9812700,$158.38,$163.37,$158.38
11/29/2024,$158.53,6112000,$158.11,$161.52,$157.75
11/27/2024,$156.40,6337900,$156.93,$157.65,$154.46
11/26/2024,$156.93,9489900,$159.75,$161.47,$156.09
11/25/2024,$158.82,9189800,$158.94,$159.65,$157.22
11/22/2024,$156.79,5709300,$154.79,$156.88,$153.73
11/21/2024,$155.46,10685800,$155.16,$156.94,$153.59
11/20/2024,$154.27,14483000,$164.00,$164.20,$152.95
11/19/2024,$164.71,6176800,$164.03,$166.23,$162.65
11/18/2024,$164.50,7814200,$162.60,$165.14,$162.00
11/15/2024,$160.50,9737000,$163.00,$164.33,$159.60
11/14/2024,$163.97,7012600,$162.95,$164.91,$161.87
11/13/2024,$160.42,7921700,$162.79,$162.94,$159.75
11/12/2024,$163.41,8483300,$167.05,$167.33,$161.86
11/11/2024,$168.29,7829500,$170.00,$170.79,$166.09
11/08/2024,$170.91,10736600,$172.09,$173.49,$168.75
11/07/2024,$172.91,23586300,$180.27,$182.10,$171.63
11/06/2024,$172.99,17661900,$169.25,$178.45,$168.67
11/05/2024,$165.91,5373200,$165.00,$167.59,$164.25
11/04/2024,$165.18,4949800,$165.06,$167.50,$163.64
11/01/2024,$165.27,6498100,$163.08,$166.08,$162.77
10/31/2024,$162.77,10261200,$167.62,$167.78,$162.08
10/30/2024,$167.62,8819700,$169.92,$171.74,$167.53
10/29/2024,$176.00,6427700,$172.20,$176.57,$171.26
10/28/2024,$172.22,5024600,$169.42,$173.15,$169.37
10/25/2024,$170.27,5496600,$170.28,$173.18,$169.81
10/24/2024,$168.10,4933400,$166.61,$168.94,$165.53
10/23/2024,$166.60,9788200,$169.34,$172.64,$164.30
10/22/2024,$173.18,7313000,$169.01,$173.48,$168.23
10/21/2024,$169.01,7297700,$169.64,$170.17,$166.07
10/18/2024,$170.92,6432700,$172.11,$172.58,$169.42
10/17/2024,$171.10,6093200,$175.62,$175.62,$171.02
10/16/2024,$171.48,6495700,$174.62,$174.67,$170.22
10/15/2024,$174.09,12910400,$177.22,$179.83,$172.75
10/14/2024,$178.04,9933600,$171.34,$178.87,$170.90
10/11/2024,$169.98,3801400,$168.00,$170.43,$166.87
10/10/2024,$168.52,5048000,$167.23,$168.75,$165.33
10/09/2024,$170.22,5486500,$165.95,$170.30,$164.67
10/08/2024,$166.34,7843500,$164.86,$167.72,$163.66
10/07/2024,$166.94,4359300,$167.64,$168.72,$165.74
10/04/2024,$168.90,6586500,$172.55,$172.80,$166.48
10/03/2024,$168.92,6260200,$165.95,$169.53,$165.66
10/02/2024,$168.32,4484600,$166.15,$169.75,$165.15
10/01/2024,$165.78,8277600,$169.80,$170.29,$164.08
09/30/2024,$170.05,8099700,$171.37,$172.23,$167.75
09/27/2024,$170.13,5880700,$173.00,$173.45,$169.83
09/26/2024,$172.66,8475000,$174.91,$175.75,$166.78
09/25/2024,$168.27,5095500,$166.28,$168.59,$165.76
09/24/2024,$166.95,9666800,$167.42,$169.36,$165.98
09/23/2024,$165.96,9810000,$168.42,$169.98,$165.35
09/20/2024,$168.92,27546400,$172.69,$173.07,$164.30
09/19/2024,$173.92,10900000,$174.42,$176.80,$172.49
09/18/2024,$168.30,5877600,$169.52,$172.42,$167.70
09/17/2024,$168.70,5828000,$168.88,$169.50,$166.08
09/16/2024,$166.61,6510000,$164.93,$167.34,$163.79
09/13/2024,$167.73,4049900,$165.81,$168.30,$165.44
09/12/2024,$164.98,6039200,$165.88,$166.31,$162.90
09/11/2024,$166.56,8275400,$162.36,$166.90,$159.25
09/10/2024,$161.68,7918100,$160.00,$162.06,$157.68
09/09/2024,$160.77,7494900,$161.09,$162.37,$158.57
09/06/2024,$158.19,10703000,$162.74,$163.19,$157.13
09/05/2024,$163.70,5600000,$163.08,$165.80,$161.85
09/04/2024,$165.33,6737000,$163.00,$168.24,$162.63
09/03/2024,$163.24,11620300,$171.89,$172.16,$162.00
08/30/2024,$175.30,11110800,$172.29,$175.46,$170.80
08/29/2024,$169.49,12514200,$173.42,$176.36,$168.93
08/28/2024,$171.85,6534600,$174.38,$175.72,$169.63
08/27/2024,$173.93,6498800,$169.17,$174.44,$168.27
08/26/2024,$169.49,7437600,$171.97,$172.38,$168.53
08/23/2024,$173.50,6823600,$171.76,$174.62,$170.63
08/22/2024,$169.00,6743500,$174.30,$174.59,$168.38
08/21/2024,$174.22,6309500,$172.99,$174.87,$172.08
08/20/2024,$172.11,6222400,$173.86,$175.43,$171.15
08/19/2024,$174.26,6708100,$171.57,$174.32,$168.74
08/16/2024,$172.18,5435700,$172.29,$173.38,$170.63
08/15/2024,$173.34,10752100,$171.75,$174.64,$170.61
08/14/2024,$167.15,7208200,$170.64,$171.26,$164.72
08/13/2024,$169.47,11102100,$164.30,$169.56,$163.28
08/12/2024,$162.89,8548000,$160.56,$163.39,$157.42
08/09/2024,$164.48,4824600,$164.07,$165.89,$161.98
08/08/2024,$164.95,9590900,$160.74,$165.59,$157.87
08/07/2024,$156.12,9266900,$163.58,$164.32,$155.50
08/06/2024,$158.72,9301000,$158.42,$163.63,$156.50
08/05/2024,$157.95,12733900,$153.27,$162.82,$151.39
08/02/2024,$159.31,16618900,$160.52,$164.26,$157.53
08/01/2024,$164.00,24795000,$171.76,$176.97,$161.33
07/31/2024,$180.95,19222200,$175.58,$181.08,$173.41
07/30/2024,$166.94,15338900,$179.34,$179.40,$166.77
07/29/2024,$178.64,6051600,$181.50,$182.64,$177.85
07/26/2024,$180.05,6567800,$179.01,$181.30,$177.57
07/25/2024,$175.39,12700100,$179.62,$180.24,$173.27
07/24/2024,$181.07,13295300,$189.34,$189.61,$180.69
07/23/2024,$193.35,5796700,$194.20,$196.24,$192.15
07/22/2024,$194.97,7590000,$191.00,$195.50,$189.05
07/19/2024,$186.21,9195700,$191.69,$193.09,$185.76
07/18/2024,$191.46,9960600,$193.78,$193.90,$186.95
07/17/2024,$191.60,16156200,$199.73,$200.00,$190.56
07/16/2024,$209.64,5998500,$210.00,$211.09,$206.62
07/15/2024,$208.18,7463700,$203.00,$209.24,$202.79
07/12/2024,$202.43,7217200,$201.66,$206.08,$200.25
07/11/2024,$199.85,8602200,$210.02,$210.13,$199.77
07/10/2024,$208.80,5159400,$208.74,$209.24,$206.56
07/09/2024,$207.12,5272600,$206.48,$208.55,$204.66
07/08/2024,$207.89,6920400,$207.24,$210.44,$206.15
07/05/2024,$205.75,6375200,$205.85,$206.75,$203.98
07/03/2024,$203.81,4996200,$202.68,$204.86,$200.44
07/02/2024,$200.16,5632900,$198.25,$200.48,$197.09
07/01/2024,$200.03,6800600,$199.47,$200.67,$196.08
06/28/2024,$199.18,15547500,$196.00,$203.94,$195.61
06/27/2024,$195.15,11936600,$196.87,$198.57,$193.84
06/26/2024,$197.33,10023800,$200.31,$201.15,$195.70
06/25/2024,$202.17,11974900,$203.14,$203.15,$199.17
06/24/2024,$200.84,16087700,$206.91,$207.03,$200.24
06/21/2024,$212.53,22286500,$211.76,$215.47,$209.41
06/20/2024,$215.47,18701200,$224.20,$225.90,$212.84
06/18/2024,$227.09,22037500,$226.82,$230.63,$226.00
06/17/2024,$222.22,12109100,$217.09,$222.67,$213.40
06/14/2024,$215.33,6438200,$217.64,$218.05,$213.65
06/13/2024,$217.81,10102800,$216.36,$218.36,$213.01
06/12/2024,$215.39,9502800,$212.50,$215.62,$210.88
06/11/2024,$208.52,8197500,$207.15,$209.45,$204.78
06/10/2024,$209.35,6465100,$205.29,$210.58,$204.56
06/07/2024,$206.62,5714400,$209.73,$209.80,$204.89
06/06/2024,$209.44,7597200,$211.90,$212.24,$208.79
06/05/2024,$211.90,11626300,$206.93,$212.50,$205.37
06/04/2024,$204.37,6629100,$205.91,$206.23,$201.66
06/03/2024,$205.91,12419500,$209.56,$210.98,$202.41
05/31/2024,$204.05,15064900,$208.00,$209.05,$198.71
05/30/2024,$204.80,12245300,$208.00,$209.37,$203.82
05/29/2024,$208.26,12552500,$208.65,$210.66,$206.70
05/28/2024,$213.08,12485400,$217.23,$217.43,$211.30
05/24/2024,$210.36,13809900,$203.89,$211.30,$203.56
05/23/2024,$201.76,14475100,$205.88,$207.95,$199.42
05/22/2024,$202.93,11170100,$202.93,$204.84,$201.70
05/21/2024,$200.85,11498800,$196.01,$201.98,$195.76
05/20/2024,$197.76,8879700,$194.00,$199.99,$193.28
05/17/2024,$193.86,5799700,$192.90,$195.44,$191.87
05/16/2024,$193.27,8173400,$195.00,$195.63,$192.78
05/15/2024,$194.61,11349100,$190.01,$196.08,$190.00
05/14/2024,$188.97,7713400,$184.51,$189.29,$184.49
05/13/2024,$184.21,6384800,$183.18,$184.73,$182.90
05/10/2024,$182.08,4702500,$182.00,$183.55,$181.24
05/09/2024,$180.54,5513500,$181.00,$181.71,$179.44
05/08/2024,$180.55,6242600,$176.73,$180.79,$176.62
05/07/2024,$180.15,8011100,$182.45,$184.31,$179.22
05/06/2024,$181.85,6980100,$181.91,$182.40,$180.40
05/03/2024,$179.64,10043900,$182.24,$183.19,$177.80
05/02/2024,$180.10,25894800,$175.47,$181.69,$175.29
05/01/2024,$164.11,13113600,$164.51,$169.64,$163.79
04/30/2024,$165.85,6914200,$169.23,$169.24,$165.81
04/29/2024,$169.20,6623900,$165.20,$169.27,$165.20
04/26/2024,$165.66,7141300,$162.90,$166.52,$162.51
04/25/2024,$163.30,6230700,$164.08,$164.63,$161.73
04/24/2024,$163.63,6130500,$163.87,$165.93,$162.00
04/23/2024,$161.35,6616700,$160.96,$162.26,$159.68
04/22/2024,$160.18,7848700,$158.04,$161.64,$157.16
04/19/2024,$157.63,10292200,$161.29,$161.39,$156.34
04/18/2024,$161.44,9209400,$162.36,$164.10,$159.86
04/17/2024,$164.32,8082000,$169.22,$170.19,$163.77
04/16/2024,$168.58,6390100,$169.50,$169.57,$167.45
04/15/2024,$169.84,6570600,$174.27,$174.38,$168.58
04/12/2024,$171.29,8216700,$172.28,$173.39,$170.96
04/11/2024,$175.13,6262600,$171.67,$175.63,$170.50
04/10/2024,$170.86,6177400,$172.42,$173.71,$170.07
04/09/2024,$175.57,5028500,$175.27,$175.99,$173.37
04/08/2024,$173.62,4812000,$172.93,$174.39,$172.36
04/05/2024,$171.53,5863300,$170.18,$172.24,$169.71
04/04/2024,$169.76,9031200,$175.00,$175.95,$169.41
04/03/2024,$173.91,6943200,$170.00,$173.96,$169.33
04/02/2024,$171.04,7436300,$170.47,$171.40,$169.28
04/01/2024,$171.72,6679100,$168.27,$172.80,$168.21
03/28/2024,$169.30,5324000,$169.10,$169.89,$167.98
03/27/2024,$169.13,6309700,$169.45,$169.48,$166.97
03/26/2024,$167.07,5289900,$168.05,$169.42,$167.00
03/25/2024,$167.52,5682500,$167.88,$168.77,$166.97
03/22/2024,$170.10,5645500,$169.55,$171.90,$169.30
03/21/2024,$170.85,8497500,$170.74,$172.92,$169.63
03/20/2024,$167.67,5995800,$164.10,$168.17,$163.83
03/19/2024,$164.10,7404400,$166.09,$166.46,$163.63
03/18/2024,$166.92,6653700,$170.91,$171.46,$166.35
03/15/2024,$167.20,16414600,$167.10,$168.77,$165.85
03/14/2024,$168.45,8151000,$169.60,$169.95,$166.71
03/13/2024,$169.25,8730500,$171.22,$171.50,$168.60
03/12/2024,$173.08,7642200,$172.91,$173.90,$170.58
03/11/2024,$171.12,7256300,$169.00,$171.98,$168.12
03/08/2024,$170.57,11318000,$174.82,$175.47,$170.54
03/07/2024,$175.72,14495100,$169.60,$177.59,$169.43
03/06/2024,$167.89,12230500,$164.82,$169.25,$164.33
03/05/2024,$161.45,9608800,$164.73,$165.59,$160.23
03/04/2024,$166.56,11865100,$165.12,$167.83,$164.72
03/01/2024,$163.09,10405700,$159.39,$164.00,$158.07
02/29/2024,$157.79,8321400,$156.87,$158.20,$156.18
02/28/2024,$155.85,5211000,$156.00,$156.54,$154.96
02/27/2024,$158.30,6021400,$157.75,$159.20,$157.49
02/26/2024,$157.03,6307600,$156.00,$157.48,$155.79
02/23/2024,$154.91,5953300,$155.70,$156.91,$154.33
02/22/2024,$154.75,11407500,$154.77,$155.51,$152.32
02/21/2024,$152.01,9760300,$149.83,$152.05,$148.90
02/20/2024,$151.96,8745500,$151.89,$152.90,$149.87
02/16/2024,$152.69,8429100,$157.47,$157.76,$152.60
02/15/2024,$155.98,9372400,$155.00,$157.17,$154.49
02/14/2024,$153.94,8715100,$151.31,$154.39,$151.05
02/13/2024,$150.04,8976300,$150.00,$151.25,$148.41
02/12/2024,$153.10,11806300,$150.38,$154.76,$150.25
02/09/2024,$151.00,11981500,$149.00,$153.40,$148.35
02/08/2024,$148.18,9448700,$146.85,$148.61,$146.29
02/07/2024,$145.89,7361900,$145.16,$145.95,$143.63
02/06/2024,$144.10,7286300,$144.50,$144.81,$142.43
02/05/2024,$144.03,8032600,$141.86,$144.65,$141.21
02/02/2024,$141.69,10442700,$140.65,$142.14,$139.26
02/01/2024,$141.11,22810600,$140.87,$143.91,$140.09
01/31/2024,$148.51,21184200,$145.34,$150.16,$144.34
01/30/2024,$145.98,9132800,$148.00,$148.80,$145.57
01/29/2024,$149.64,10770700,$150.40,$151.24,$148.42
01/26/2024,$150.72,7744700,$152.21,$152.98,$150.38
01/25/2024,$154.47,7740900,$157.60,$157.98,$153.67
01/24/2024,$154.37,8331900,$154.79,$156.32,$153.90
01/23/2024,$153.50,6232300,$152.87,$153.74,$151.41
01/22/2024,$152.87,10456100,$152.75,$154.57,$151.87
01/19/2024,$151.96,16193900,$147.26,$152.77,$146.74
01/18/2024,$145.29,12893000,$143.15,$145.65,$142.33
01/17/2024,$139.32,6584700,$139.62,$139.63,$137.35
01/16/2024,$141.12,7483000,$140.00,$141.23,$137.98
01/12/2024,$140.20,6546600,$142.12,$142.66,$139.16
01/11/2024,$139.03,7374900,$139.00,$139.95,$136.03
01/10/2024,$139.31,5652500,$139.89,$140.03,$137.79
01/09/2024,$139.89,5856900,$137.54,$140.95,$137.14
01/08/2024,$139.03,7729400,$136.99,$139.15,$136.64
01/05/2024,$136.73,6827300,$136.16,$138.07,$135.85
01/04/2024,$136.17,6770300,$135.44,$137.33,$134.94
01/03/2024,$137.60,8133300,$138.89,$138.89,$136.99
01/02/2024,$140.23,8495800,$142.19,$142.20,$138.78
12/29/2023,$144.63,4839300,$145.41,$145.62,$143.79
12/28/2023,$145.86,4928800,$146.18,$146.89,$145.73
12/27/2023,$145.72,4470300,$145.85,$146.22,$145.04
12/26/2023,$145.46,4381200,$144.17,$146.05,$143.96
12/22/2023,$143.49,4659200,$143.25,$144.40,$142.75
12/21/2023,$142.44,8361600,$141.80,$142.69,$140.99
12/20/2023,$140.44,7264800,$141.97,$142.98,$140.36
12/19/2023,$143.23,5658400,$142.03,$143.43,$141.44
12/18/2023,$141.65,7832100,$142.51,$143.12,$141.29
12/15/2023,$143.13,25053500,$142.05,$143.49,$141.38
12/14/2023,$141.50,11468900,$139.60,$142.76,$139.60
12/13/2023,$138.80,7507700,$136.38,$138.99,$136.08
12/12/2023,$136.68,7380400,$135.98,$137.23,$135.50
12/11/2023,$136.10,11010700,$134.51,$136.60,$134.07
12/08/2023,$132.97,7678600,$131.22,$133.97,$131.18
12/07/2023,$132.94,7815700,$131.33,$133.33,$130.39
12/06/2023,$129.96,6912400,$131.98,$132.14,$129.66
12/05/2023,$130.75,6231600,$129.09,$130.85,$128.95
12/04/2023,$129.95,7485000,$129.33,$130.05,$128.03
12/01/2023,$129.67,8866500,$129.06,$130.27,$128.51
11/30/2023,$129.05,11731800,$129.27,$129.40,$127.49
11/29/2023,$127.91,10608300,$129.24,$130.60,$127.62
11/28/2023,$126.59,8817900,$127.20,$127.31,$125.67
11/27/2023,$128.20,8586400,$127.27,$129.02,$126.79
11/24/2023,$127.75,3708200,$128.23,$128.23,$127.56
11/22/2023,$127.50,6647400,$127.89,$129.51,$127.16
11/21/2023,$127.02,14641800,$126.89,$127.47,$125.75
11/20/2023,$129.51,7148600,$129.44,$130.12,$129.02
11/17/2023,$129.47,6543300,$129.30,$129.79,$128.42
11/16/2023,$128.70,11655700,$129.09,$130.37,$128.31
11/15/2023,$128.92,7789100,$127.92,$129.73,$127.56
11/14/2023,$127.36,11255400,$127.34,$128.22,$126.08
11/13/2023,$123.85,7959200,$124.00,$124.55,$122.63
11/10/2023,$124.21,12191600,$121.90,$124.81,$120.97
11/09/2023,$120.10,9002700,$121.12,$122.43,$119.85
11/08/2023,$120.06,7681900,$121.40,$122.06,$119.15
11/07/2023,$120.72,7898400,$119.85,$121.08,$119.17
11/06/2023,$119.93,7756400,$120.00,$120.56,$118.38
11/03/2023,$119.52,10670100,$117.95,$120.10,$117.36
11/02/2023,$117.36,22106100,$117.97,$119.08,$114.45
11/01/2023,$110.89,12809900,$109.17,$111.19,$108.70
10/31/2023,$108.99,6485500,$108.30,$109.21,$106.69
10/30/2023,$107.83,6634000,$106.71,$109.33,$106.18
10/27/2023,$106.46,7292000,$106.90,$107.89,$105.84
10/26/2023,$105.62,8705200,$104.75,$106.47,$104.33
10/25/2023,$104.78,8571600,$108.81,$109.29,$104.43
10/24/2023,$109.39,8578600,$109.30,$110.33,$108.44
10/23/2023,$108.66,6679200,$107.94,$110.57,$107.68
10/20/2023,$108.63,7756500,$111.52,$111.61,$108.63
10/19/2023,$111.28,10511500,$112.39,$114.40,$110.84
10/18/2023,$110.98,7174500,$111.06,$112.11,$110.03
10/17/2023,$112.20,7334000,$108.81,$112.27,$108.02
10/16/2023,$110.51,6254700,$109.09,$111.08,$108.95
10/13/2023,$108.66,6035600,$111.72,$111.97,$108.54
10/12/2023,$111.46,5371700,$111.98,$112.21,$110.32
10/11/2023,$111.12,6378600,$112.28,$112.64,$109.58
10/10/2023,$112.31,6253000,$111.50,$112.99,$110.43
10/09/2023,$111.80,4714500,$110.32,$111.98,$109.48
10/06/2023,$110.88,7930600,$110.87,$111.33,$108.05
10/05/2023,$109.80,5089700,$109.70,$110.46,$108.95
10/04/2023,$109.85,7189400,$110.80,$111.07,$108.80
10/03/2023,$110.19,7750700,$110.81,$112.26,$109.38
10/02/2023,$111.10,5751500,$110.40,$111.79,$109.60
09/29/2023,$111.06,4869300,$111.88,$112.23,$110.64
09/28/2023,$111.10,4851300,$109.76,$111.91,$109.18
09/27/2023,$109.19,7225000,$110.73,$110.81,$107.43
09/26/2023,$109.72,6559800,$109.85,$110.64,$109.34
09/25/2023,$110.43,6782500,$106.84,$110.48,$106.71
09/22/2023,$107.68,6965500,$108.77,$109.78,$107.36
09/21/2023,$107.96,7007200,$107.98,$109.59,$107.85
09/20/2023,$109.22,7073800,$111.74,$111.80,$109.16
09/19/2023,$110.72,5658800,$112.20,$112.34,$109.91
09/18/2023,$112.75,5065100,$112.89,$113.83,$112.46
09/15/2023,$113.14,12247400,$113.97,$115.19,$112.46
09/14/2023,$114.04,7138100,$113.77,$114.74,$113.00
09/13/2023,$112.64,8131500,$111.58,$113.60,$111.53
09/12/2023,$111.23,9250100,$109.58,$112.74,$109.51
09/11/2023,$110.28,18771700,$111.27,$111.84,$108.82
09/08/2023,$106.14,9819300,$106.17,$107.07,$105.51
09/07/2023,$106.40,17947800,$110.60,$110.70,$106.07
09/06/2023,$114.68,7411900,$116.00,$116.72,$113.63
09/05/2023,$116.55,7294800,$114.91,$117.06,$114.91
09/01/2023,$115.39,5310700,$115.70,$115.70,$114.41
08/31/2023,$114.53,7962500,$112.43,$115.16,$112.43
08/30/2023,$113.27,6490300,$112.56,$113.46,$111.67
08/29/2023,$113.78,6971400,$110.52,$113.99,$110.52
08/28/2023,$111.68,4316400,$111.30,$112.19,$110.62
08/25/2023,$110.32,6669900,$108.89,$110.52,$107.76
08/24/2023,$108.51,8698100,$112.16,$112.57,$108.16
08/23/2023,$111.17,6873900,$109.34,$111.53,$108.85
08/22/2023,$109.47,4587000,$111.47,$111.84,$109.14
08/21/2023,$110.68,6539800,$109.84,$110.96,$109.00
08/18/2023,$110.10,6384700,$108.82,$110.52,$108.50
08/17/2023,$110.08,6250500,$110.19,$111.13,$109.66
08/16/2023,$110.15,6426700,$111.35,$111.92,$110.05
08/15/2023,$111.68,6843600,$113.34,$113.51,$111.40
08/14/2023,$114.02,8537500,$113.88,$114.52,$112.81
08/11/2023,$114.61,5712500,$114.13,$115.46,$113.72
08/10/2023,$115.61,6224500,$117.68,$118.39,$115.07
08/09/2023,$116.57,5642500,$117.23,$118.11,$116.52
08/08/2023,$117.66,8934600,$117.00,$117.88,$115.96
08/07/2023,$119.34,7706500,$122.21,$122.74,$117.92
08/04/2023,$121.50,12658700,$117.76,$122.00,$117.76
08/03/2023,$118.70,29239600,$116.97,$119.11,$114.89
08/02/2023,$129.27,13711100,$130.20,$131.58,$128.83
08/01/2023,$132.08,7128700,$131.92,$132.39,$130.24
07/31/2023,$132.17,11029600,$129.99,$132.97,$129.10
07/28/2023,$129.48,11762200,$128.30,$129.92,$127.56
07/27/2023,$125.85,7917900,$126.56,$127.77,$124.92
07/26/2023,$124.02,5291800,$123.20,$125.24,$122.34
07/25/2023,$125.07,5592100,$124.20,$125.98,$124.20
07/24/2023,$124.10,5859300,$124.72,$125.60,$123.17
07/21/2023,$124.72,23704100,$121.93,$126.66,$121.38
07/20/2023,$120.72,9148600,$123.52,$124.60,$120.23
07/19/2023,$124.42,8866700,$125.34,$127.10,$124.30
07/18/2023,$122.86,7481200,$122.32,$123.23,$121.26
07/17/2023,$123.40,6125000,$122.33,$124.46,$120.76
07/14/2023,$122.56,7892200,$123.00,$123.18,$121.13
07/13/2023,$123.12,9823000,$120.00,$123.42,$119.88
07/12/2023,$118.68,8371300,$117.56,$119.23,$117.10
07/11/2023,$116.87,5784000,$117.80,$117.87,$114.89
07/10/2023,$117.12,6037000,$116.47,$118.28,$116.47
07/07/2023,$115.94,6108400,$115.37,$117.73,$114.76
07/06/2023,$115.22,7544600,$115.16,$116.20,$113.62
07/05/2023,$117.13,6249200,$119.02,$119.05,$117.10
07/03/2023,$120.09,2662000,$119.27,$120.48,$118.46
06/30/2023,$119.04,6565100,$119.60,$119.86,$118.38
06/29/2023,$118.06,5138500,$117.56,$118.15,$116.88
06/28/2023,$117.54,6384800,$117.02,$118.10,$116.58
06/27/2023,$119.79,7308900,$116.74,$119.94,$115.65
06/26/2023,$116.63,9377000,$114.56,$117.61,$114.30
06/23/2023,$113.43,11958500,$114.09,$115.28,$113.03
06/22/2023,$116.40,7283000,$116.01,$116.68,$114.91
06/21/2023,$115.76,7925400,$118.61,$119.02,$115.67
06/20/2023,$119.82,8667400,$121.94,$122.37,$118.71
06/16/2023,$122.68,12905700,$124.59,$124.98,$122.10
06/15/2023,$123.61,8132600,$121.58,$124.69,$121.04
06/14/2023,$123.40,7324600,$124.35,$124.43,$121.50
06/13/2023,$124.43,8873200,$124.28,$125.40,$122.75
06/12/2023,$122.14,9675100,$121.04,$122.31,$119.77
06/09/2023,$119.11,13807000,$117.49,$120.85,$117.38
06/08/2023,$116.35,5793400,$115.60,$116.64,$114.10
06/07/2023,$115.18,7555400,$116.63,$117.16,$114.49
06/06/2023,$116.36,7594500,$112.58,$116.79,$112.24
06/05/2023,$112.73,7769300,$115.43,$115.92,$112.64
06/02/2023,$115.62,7873400,$117.24,$117.40,$114.69
06/01/2023,$115.83,8616500,$114.56,$116.56,$112.31
05/31/2023,$113.41,14924000,$113.56,$114.00,$111.60
05/30/2023,$116.00,18291800,$114.50,$116.69,$112.61
05/26/2023,$110.35,15969900,$104.94,$111.28,$104.82
05/25/2023,$104.02,11677400,$101.93,$104.11,$101.47
05/24/2023,$103.02,8193700,$102.08,$103.14,$101.58
05/23/2023,$103.56,7452500,$104.07,$105.64,$103.47
05/22/2023,$105.28,7912400,$103.67,$105.87,$103.25
05/19/2023,$105.86,5783200,$106.95,$107.12,$105.52
05/18/2023,$106.96,9142000,$104.81,$107.12,$104.81
05/17/2023,$104.81,9504700,$104.19,$105.45,$103.58
05/16/2023,$103.79,7027000,$105.67,$106.48,$103.72
05/15/2023,$106.28,7444900,$103.76,$106.40,$102.89
05/12/2023,$103.62,7635900,$104.47,$104.74,$102.61
05/11/2023,$104.06,10630500,$106.29,$106.51,$103.68
05/10/2023,$106.46,7980100,$107.00,$107.48,$105.14
05/09/2023,$105.77,7804100,$107.00,$107.43,$105.30
05/08/2023,$108.31,6694400,$108.38,$108.83,$106.87
05/05/2023,$108.78,10745600,$108.21,$109.27,$105.77
05/04/2023,$106.58,22117500,$104.03,$107.12,$103.50
05/03/2023,$112.83,11491700,$116.66,$116.82,$112.60
05/02/2023,$116.11,7081200,$116.13,$117.06,$114.44
05/01/2023,$115.84,6208500,$117.21,$117.58,$115.51
04/28/2023,$116.80,8652500,$115.10,$116.90,$113.73
04/27/2023,$113.92,6945700,$113.88,$114.31,$112.15
04/26/2023,$114.16,4671100,$114.29,$115.10,$113.21
04/25/2023,$114.05,7045200,$116.74,$116.84,$113.68
04/24/2023,$117.35,4097900,$117.82,$117.83,$116.57
04/21/2023,$117.76,4980700,$117.87,$118.19,$116.55
04/20/2023,$118.64,5125000,$117.29,$119.90,$117.12
04/19/2023,$118.54,4241900,$117.25,$118.69,$116.45
04/18/2023,$118.36,4829900,$120.34,$120.80,$117.41
04/17/2023,$119.38,6370200,$119.13,$119.84,$118.17
04/14/2023,$120.16,4833100,$120.87,$121.92,$118.76
04/13/2023,$121.13,6077100,$120.05,$121.66,$119.12
04/12/2023,$120.27,5288300,$124.41,$124.50,$120.15
04/11/2023,$123.57,5001400,$125.25,$125.25,$123.17
04/10/2023,$124.29,5243700,$122.09,$124.58,$121.68
04/06/2023,$123.00,5260600,$122.34,$123.85,$121.05
04/05/2023,$123.04,6920900,$121.42,$123.22,$121.25
04/04/2023,$122.30,6962700,$124.93,$125.22,$121.81
04/03/2023,$124.74,6367800,$126.99,$127.57,$123.61
03/31/2023,$127.58,6222400,$126.65,$127.97,$126.29
03/30/2023,$127.40,8156400,$127.08,$128.19,$126.43
03/29/2023,$125.09,6410100,$123.42,$125.96,$123.25
03/28/2023,$121.34,5272100,$123.60,$123.68,$120.21
03/27/2023,$123.60,4818000,$125.74,$126.06,$123.32
03/24/2023,$124.76,6987200,$123.63,$124.93,$122.25
03/23/2023,$124.15,7353800,$123.94,$127.00,$122.10
03/22/2023,$121.97,7072700,$124.00,$126.24,$121.87
03/21/2023,$123.80,6900600,$122.99,$125.07,$122.15
03/20/2023,$121.82,5945000,$120.77,$122.02,$119.81
03/17/2023,$120.73,12304100,$120.78,$122.87,$119.15
03/16/2023,$120.51,11207800,$117.00,$120.83,$115.91
03/15/2023,$115.49,8596900,$115.25,$116.18,$113.14
03/14/2023,$116.55,8312100,$116.41,$117.06,$113.92
03/13/2023,$114.43,7673700,$113.76,$116.24,$113.28
03/10/2023,$115.19,6884500,$117.54,$118.23,$114.53
03/09/2023,$117.22,8055500,$121.28,$121.92,$116.94
03/08/2023,$121.20,7633900,$119.55,$121.75,$119.35
03/07/2023,$119.19,8879700,$122.48,$122.50,$118.28
03/06/2023,$122.41,7031300,$124.28,$125.17,$122.03
03/03/2023,$123.60,7052100,$123.99,$124.21,$121.67
03/02/2023,$123.78,5258900,$122.16,$124.26,$120.86
03/01/2023,$123.68,5530600,$123.78,$125.47,$122.98
02/28/2023,$123.53,6491800,$123.62,$125.10,$122.92
02/27/2023,$123.42,7787200,$126.50,$126.60,$123.04
02/24/2023,$124.34,7357200,$124.24,$124.71,$123.18
02/23/2023,$126.20,6440200,$126.61,$127.23,$123.67
02/22/2023,$123.95,5517800,$124.32,$124.97,$122.92
02/21/2023,$123.70,8164400,$125.46,$127.62,$123.55
02/17/2023,$127.72,6022500,$129.50,$129.81,$126.96
02/16/2023,$130.16,5788400,$130.75,$132.59,$129.95
02/15/2023,$133.07,3501100,$130.60,$133.33,$130.30
02/14/2023,$132.34,5579900,$129.20,$132.88,$128.36
02/13/2023,$130.84,5550400,$129.46,$131.43,$128.39
02/10/2023,$128.99,5319200,$129.29,$129.94,$127.62
02/09/2023,$130.53,5717500,$133.89,$135.23,$129.92
02/08/2023,$132.17,7151700,$135.31,$136.28,$131.76
02/07/2023,$136.63,7664200,$133.15,$137.38,$132.33
02/06/2023,$132.93,6830500,$132.27,$134.88,$131.86
02/03/2023,$135.02,13187300,$131.16,$138.40,$128.57
02/02/2023,$135.85,17673200,$138.46,$139.16,$134.80
02/01/2023,$138.46,10500600,$132.68,$139.94,$132.68
01/31/2023,$133.21,7125100,$131.32,$133.64,$131.32
01/30/2023,$131.63,9854300,$131.05,$132.40,$130.15
01/27/2023,$133.40,6581900,$131.49,$134.89,$131.42
01/26/2023,$133.96,7413600,$134.41,$134.85,$131.16
01/25/2023,$131.17,6880300,$128.45,$131.54,$127.70
01/24/2023,$130.70,7952400,$130.55,$132.97,$130.15
01/23/2023,$131.03,13419500,$126.54,$132.06,$125.82
01/20/2023,$122.90,8895000,$118.42,$122.96,$117.34
01/19/2023,$117.58,8716200,$121.06,$121.10,$117.42
01/18/2023,$122.04,10960400,$121.62,$123.99,$121.01
01/17/2023,$120.28,6179500,$119.74,$121.32,$119.02
01/13/2023,$120.24,8040400,$119.82,$121.42,$119.72
01/12/2023,$121.59,9527600,$119.24,$122.38,$117.65
01/11/2023,$118.39,7374400,$117.44,$118.50,$115.17
01/10/2023,$116.91,6384800,$114.02,$116.97,$113.72
01/09/2023,$114.61,10291800,$116.73,$118.85,$113.54
01/06/2023,$115.34,10259300,$110.96,$115.98,$110.05
01/05/2023,$109.40,7546000,$109.93,$110.92,$109.13
01/04/2023,$111.53,7614200,$109.80,$112.23,$108.81
01/03/2023,$107.20,8110400,$111.35,$111.74,$107.13
12/30/2022,$109.94,5642300,$107.97,$110.06,$107.22
12/29/2022,$109.84,6668600,$108.35,$110.66,$108.11
12/28/2022,$106.97,5395600,$108.87,$110.27,$106.82
12/27/2022,$109.46,6158100,$109.75,$110.69,$108.89
12/23/2022,$110.84,5356700,$109.70,$110.92,$108.21
12/22/2022,$110.68,12051400,$112.57,$112.59,$107.38
12/21/2022,$114.59,5843800,$112.76,$114.96,$112.69
12/20/2022,$112.10,6260200,$111.40,$112.78,$111.10
12/19/2022,$112.61,7720200,$114.01,$115.16,$111.51
12/16/2022,$114.53,12733900,$116.08,$116.66,$113.35
12/15/2022,$116.64,10207800,$120.25,$120.52,$116.08
12/14/2022,$121.71,9444100,$124.23,$126.58,$120.10
12/13/2022,$123.49,9712700,$126.98,$127.95,$121.82
12/12/2022,$121.21,9008400,$116.06,$121.25,$116.06
12/09/2022,$119.05,6036000,$120.41,$121.40,$118.85
12/08/2022,$121.75,7347600,$118.98,$122.35,$118.18
12/07/2022,$118.21,5427100,$118.50,$120.32,$117.76
12/06/2022,$119.78,5968000,$122.82,$123.00,$118.57
12/05/2022,$123.30,6091600,$124.58,$125.47,$122.43
12/02/2022,$125.66,6122200,$123.71,$125.82,$123.12
12/01/2022,$126.81,7924800,$126.72,$128.20,$125.68
11/30/2022,$126.49,12776700,$118.75,$126.60,$118.07
11/29/2022,$118.38,6277600,$120.14,$121.37,$118.32
11/28/2022,$119.54,7087500,$122.16,$123.45,$118.85
11/25/2022,$123.45,3153800,$124.86,$125.36,$123.40
11/23/2022,$125.15,5481500,$123.54,$127.04,$123.29
11/22/2022,$123.65,7010200,$120.84,$123.79,$120.03
11/21/2022,$120.20,8204200,$121.09,$122.50,$120.10
11/18/2022,$123.85,6436600,$124.04,$124.49,$122.13
11/17/2022,$122.86,7273700,$118.95,$123.12,$118.71
11/16/2022,$120.73,9561700,$123.20,$123.84,$119.96
11/15/2022,$126.02,12470200,$125.65,$128.13,$123.42
11/14/2022,$120.80,6971000,$120.74,$123.21,$120.26
11/11/2022,$121.43,9433800,$118.99,$122.16,$118.99
11/10/2022,$120.68,11673200,$115.91,$121.00,$114.53
11/09/2022,$110.43,9581300,$111.46,$113.51,$110.27
11/08/2022,$112.54,9383600,$111.57,$114.89,$109.92
11/07/2022,$110.09,7570800,$107.48,$110.28,$106.26
11/04/2022,$106.69,11977900,$106.61,$107.50,$104.33
11/03/2022,$103.88,24706100,$104.38,$106.50,$101.93
11/02/2022,$112.50,13936300,$118.71,$118.79,$112.25
11/01/2022,$117.33,5749100,$119.74,$120.63,$116.75
10/31/2022,$117.66,6870800,$118.13,$118.38,$115.40
10/28/2022,$119.21,9418700,$114.17,$119.45,$112.33
10/27/2022,$114.70,8937200,$119.32,$120.60,$114.38
10/26/2022,$118.11,7342300,$118.04,$120.74,$116.16
10/25/2022,$119.17,6205100,$116.57,$119.94,$116.23
10/24/2022,$116.38,6525700,$116.34,$117.02,$114.24
10/21/2022,$115.74,7490100,$111.75,$115.99,$111.02
10/20/2022,$111.98,7736400,$113.17,$116.09,$111.72
10/19/2022,$112.85,5620200,$110.86,$113.67,$110.75
10/18/2022,$111.21,8908900,$114.95,$116.09,$109.54
10/17/2022,$111.59,7886400,$113.92,$114.48,$110.61
10/14/2022,$109.95,7989800,$114.63,$114.99,$109.79
10/13/2022,$112.86,10455000,$105.38,$115.20,$104.66
10/12/2022,$108.64,6987900,$110.32,$110.80,$108.38
10/11/2022,$110.03,10758800,$112.00,$112.49,$108.65
10/10/2022,$114.60,9512600,$120.59,$121.04,$113.45
10/07/2022,$120.91,8618500,$122.62,$124.11,$120.32
10/06/2022,$125.28,6238600,$124.51,$127.21,$124.40
10/05/2022,$124.89,7070300,$120.88,$125.56,$120.53
10/04/2022,$122.37,6637200,$120.40,$122.45,$120.32
10/03/2022,$117.22,7481700,$114.99,$118.32,$113.67
09/30/2022,$112.98,7568100,$113.76,$116.28,$112.92
09/29/2022,$114.84,12125800,$117.28,$117.47,$113.46
09/28/2022,$118.93,11321200,$118.58,$120.45,$117.78
09/27/2022,$120.34,5544400,$121.56,$122.68,$118.75
09/26/2022,$119.74,6424600,$121.54,$123.18,$119.59
09/23/2022,$121.19,10681300,$122.34,$122.68,$119.05
09/22/2022,$123.68,8753000,$124.75,$125.16,$122.47
09/21/2022,$124.62,8123700,$125.44,$129.79,$124.50
09/20/2022,$124.77,5672700,$125.74,$126.55,$123.89
09/19/2022,$126.65,5922700,$123.62,$127.18,$123.41
09/16/2022,$124.95,13818500,$124.12,$125.74,$123.05
09/15/2022,$124.98,7459600,$126.70,$128.08,$124.23
09/14/2022,$127.53,7509300,$126.27,$127.90,$125.50
09/13/2022,$124.93,9610900,$128.38,$129.90,$124.49
09/12/2022,$133.00,7081300,$133.00,$134.22,$132.32
09/09/2022,$132.05,5097300,$130.68,$132.61,$130.31
09/08/2022,$128.85,6618800,$127.47,$129.80,$125.90
09/07/2022,$128.60,5340100,$127.47,$129.78,$126.37
09/06/2022,$126.67,6674200,$128.84,$129.52,$126.21
09/02/2022,$128.48,6121400,$131.64,$132.67,$127.56
09/01/2022,$129.92,8716300,$129.98,$130.13,$126.08
08/31/2022,$132.27,8701100,$133.79,$134.17,$131.30
08/30/2022,$134.41,6147400,$137.80,$138.30,$132.94
08/29/2022,$137.08,6852300,$137.81,$139.13,$136.11
08/26/2022,$138.38,7918600,$146.16,$147.36,$138.05
08/25/2022,$146.25,5618800,$142.34,$147.00,$142.02
08/24/2022,$141.31,5113100,$140.25,$141.71,$138.61
08/23/2022,$140.72,4499300,$142.09,$143.61,$140.56
08/22/2022,$141.61,6736800,$145.30,$145.81,$141.10
08/19/2022,$147.60,5400300,$149.29,$150.38,$146.90
08/18/2022,$151.38,7808200,$148.07,$152.91,$147.76
08/17/2022,$148.53,5169600,$148.23,$149.63,$146.36
08/16/2022,$150.03,5270800,$151.45,$152.49,$148.85
08/15/2022,$152.13,4502900,$150.32,$152.70,$148.40
08/12/2022,$151.29,4967500,$148.00,$151.47,$147.18
08/11/2022,$147.83,6243200,$148.31,$151.64,$147.02
08/10/2022,$146.99,6840000,$145.85,$147.18,$143.69
08/09/2022,$142.51,6770800,$145.59,$146.50,$141.31
08/08/2022,$147.81,5553300,$149.81,$151.19,$146.55
08/05/2022,$150.21,5041300,$148.57,$151.28,$147.67
08/04/2022,$151.01,6254700,$148.68,$151.16,$147.71
08/03/2022,$149.16,6890200,$147.66,$150.34,$146.59
08/02/2022,$147.03,5946400,$145.69,$149.40,$144.84
08/01/2022,$147.43,7611400,$144.31,$149.46,$144.07
07/29/2022,$145.06,11749400,$144.60,$145.31,$140.67
07/28/2022,$146.45,17051000,$149.78,$149.99,$143.00
07/27/2022,$153.42,12863000,$151.53,$154.80,$150.55
07/26/2022,$149.97,5941800,$152.62,$152.70,$149.81
07/25/2022,$153.25,4928900,$152.80,$154.04,$151.67
07/22/2022,$153.70,7200100,$155.66,$156.66,$152.35
07/21/2022,$155.86,8060400,$152.88,$155.92,$150.63
07/20/2022,$151.71,8517400,$147.43,$152.33,$146.62
07/19/2022,$147.37,9686500,$144.14,$148.47,$143.18
07/18/2022,$141.69,7856600,$145.97,$146.43,$140.82
07/15/2022,$144.37,11880500,$143.76,$145.48,$142.03
07/14/2022,$141.90,10718700,$134.94,$142.35,$133.85
07/13/2022,$135.64,7200200,$130.55,$136.78,$130.52
07/12/2022,$132.95,5991300,$133.74,$135.35,$131.96
07/11/2022,$132.24,5887200,$133.59,$134.60,$131.32
07/08/2022,$136.01,8393200,$132.52,$136.39,$131.62
07/07/2022,$134.40,9408100,$130.65,$134.71,$130.26
07/06/2022,$127.06,6038400,$126.06,$128.23,$125.06
07/05/2022,$125.83,8113100,$121.10,$126.17,$120.36
07/01/2022,$123.53,7672800,$125.75,$126.76,$122.10
06/30/2022,$127.74,9277900,$127.61,$130.09,$125.33
06/29/2022,$130.23,9973300,$130.08,$131.57,$126.90
06/28/2022,$131.60,27081900,$129.78,$136.45,$126.60
06/27/2022,$127.18,9947300,$126.20,$130.04,$125.44
06/24/2022,$125.10,8128000,$122.38,$125.37,$121.76
06/23/2022,$120.09,7908900,$122.75,$122.93,$118.23
06/22/2022,$122.16,9081000,$121.80,$123.66,$120.36
06/21/2022,$124.39,9208500,$123.77,$126.12,$123.72
06/17/2022,$120.99,17273400,$121.42,$122.83,$118.36
06/16/2022,$120.82,16422800,$126.26,$126.65,$119.03
06/15/2022,$131.03,7860000,$131.67,$133.28,$128.21
06/14/2022,$130.26,6794700,$130.21,$131.93,$128.82
06/13/2022,$128.66,12320900,$130.59,$131.35,$126.60
06/10/2022,$133.20,8544700,$134.75,$136.06,$132.42
06/09/2022,$136.71,7153200,$137.77,$140.44,$136.69
06/08/2022,$138.96,6773000,$140.75,$141.76,$137.45
06/07/2022,$141.89,6062800,$139.13,$142.15,$138.49
06/06/2022,$140.44,7238700,$144.95,$144.97,$139.92
06/03/2022,$141.22,7458900,$142.18,$143.44,$140.61
06/02/2022,$146.20,9589500,$140.26,$146.25,$139.70
06/01/2022,$140.02,8514300,$142.55,$143.91,$138.17
05/31/2022,$143.22,16007300,$139.50,$143.97,$137.44
05/27/2022,$139.76,9180800,$136.10,$140.14,$136.10
05/26/2022,$134.84,7932800,$130.01,$136.00,$129.86
05/25/2022,$131.23,9766000,$127.80,$132.07,$127.25
05/24/2022,$128.53,9157100,$130.34,$130.34,$126.05
05/23/2022,$132.12,10023400,$129.95,$132.43,$128.15
05/20/2022,$131.60,11370100,$132.88,$133.29,$125.86
05/19/2022,$130.57,8419500,$130.45,$133.39,$129.48
05/18/2022,$130.45,11992700,$136.83,$137.28,$129.88
05/17/2022,$139.69,9094100,$137.25,$140.00,$136.70
05/16/2022,$133.91,6378800,$133.98,$135.98,$132.00
05/13/2022,$134.93,9280700,$134.29,$135.99,$132.50
05/12/2022,$131.77,10749800,$131.00,$133.06,$127.82
05/11/2022,$132.30,11530900,$135.03,$138.29,$131.89
05/10/2022,$136.81,8841200,$139.50,$139.80,$134.63
05/09/2022,$134.92,11668100,$137.99,$140.11,$134.06
05/06/2022,$140.58,10080600,$141.25,$144.10,$137.88
05/05/2022,$141.64,14561400,$146.98,$146.98,$139.18
05/04/2022,$149.05,11038100,$144.58,$149.50,$140.35
05/03/2022,$144.26,7556800,$144.71,$145.69,$142.76
05/02/2022,$145.27,13320900,$140.60,$145.66,$139.16
04/29/2022,$139.69,13693100,$145.81,$147.50,$139.52
04/28/2022,$148.19,31111100,$142.87,$151.20,$139.13
04/27/2022,$135.10,13855900,$130.82,$138.11,$130.66
04/26/2022,$133.50,9262800,$135.02,$136.35,$132.63
04/25/2022,$136.56,9673200,$131.32,$136.81,$130.91
04/22/2022,$132.81,8315100,$136.13,$137.33,$132.65
04/21/2022,$136.11,8576500,$142.34,$143.64,$135.26
04/20/2022,$140.34,7731600,$143.21,$144.81,$140.06
04/19/2022,$141.05,7213800,$138.83,$141.40,$137.54
04/18/2022,$139.32,8785700,$135.62,$140.35,$135.56
04/14/2022,$136.91,8002600,$141.05,$141.56,$136.68
04/13/2022,$140.50,10440800,$137.54,$142.59,$136.48
04/12/2022,$136.09,10591300,$137.92,$140.16,$135.50
04/11/2022,$135.36,11210400,$134.29,$137.61,$133.69
04/08/2022,$136.69,12992500,$138.54,$139.96,$136.36
04/07/2022,$139.22,10201200,$139.79,$141.49,$136.92
04/06/2022,$139.28,21054200,$142.90,$143.00,$137.46
04/05/2022,$145.46,15946100,$151.81,$152.01,$145.27
04/04/2022,$153.81,12116000,$147.74,$154.13,$146.66
04/01/2022,$146.99,19762100,$151.94,$152.87,$142.56
03/31/2022,$152.82,13364200,$152.89,$155.14,$151.03
03/30/2022,$152.73,14777800,$159.39,$160.27,$151.79
03/29/2022,$161.07,10212400,$161.21,$161.30,$156.65
03/28/2022,$158.45,9470800,$156.50,$158.50,$154.05
03/25/2022,$157.97,7198700,$157.97,$158.46,$155.18
03/24/2022,$158.46,9261000,$154.30,$158.56,$153.59
03/23/2022,$152.87,7245600,$156.11,$157.21,$152.58
03/22/2022,$157.61,7220500,$155.45,$159.94,$154.77
03/21/2022,$155.59,8986400,$153.99,$157.71,$152.81
03/18/2022,$153.99,18454200,$152.52,$156.03,$149.01
03/17/2022,$152.83,8602900,$149.19,$152.94,$146.58
03/16/2022,$150.45,11727700,$146.97,$151.56,$143.57
03/15/2022,$144.21,13893000,$142.50,$144.43,$139.05
03/14/2022,$141.29,16154200,$150.80,$151.29,$140.47
03/11/2022,$152.34,7394400,$157.95,$158.32,$152.02
03/10/2022,$154.71,8888800,$154.04,$155.30,$150.33
03/09/2022,$157.11,9276800,$156.01,$158.48,$154.17
03/08/2022,$150.76,11878400,$150.66,$158.34,$147.88
03/07/2022,$150.10,13416100,$162.32,$163.16,$150.00
03/04/2022,$162.26,9057300,$163.85,$166.07,$159.89
03/03/2022,$165.35,8553900,$170.67,$170.83,$164.50
03/02/2022,$169.25,7299400,$165.25,$170.49,$164.35
03/01/2022,$163.69,10723300,$170.96,$171.84,$161.72
02/28/2022,$171.99,10638900,$168.30,$172.99,$168.20
02/25/2022,$170.93,7350200,$167.61,$171.09,$165.60
02/24/2022,$167.98,12567000,$156.89,$168.36,$155.79
02/23/2022,$161.62,9749000,$166.65,$169.16,$161.32
02/22/2022,$165.89,9835500,$164.06,$169.96,$163.60
02/18/2022,$167.64,9591700,$167.47,$170.45,$164.24
02/17/2022,$166.80,8878900,$169.88,$170.77,$166.70
02/16/2022,$172.60,8340600,$170.68,$173.21,$168.26
02/15/2022,$173.00,11100000,$169.00,$173.96,$168.25
02/14/2022,$165.13,8381700,$165.35,$167.85,$162.48
02/11/2022,$164.64,13572000,$174.70,$175.48,$163.55
02/10/2022,$174.07,14362200,$179.40,$181.99,$173.45
02/09/2022,$183.95,9666900,$181.40,$184.00,$178.95
02/08/2022,$178.59,10163900,$174.31,$179.29,$173.98
02/07/2022,$175.09,10376300,$179.67,$180.65,$174.44
02/04/2022,$179.47,15708400,$178.99,$182.41,$176.81
02/03/2022,$179.10,36120200,$180.80,$192.10,$177.29
02/02/2022,$188.20,25646300,$180.94,$188.64,$180.26
02/01/2022,$177.13,9724600,$176.44,$177.43,$173.11
01/31/2022,$175.76,11273500,$167.06,$175.95,$165.80
01/28/2022,$166.81,10320800,$162.01,$166.94,$157.38
01/27/2022,$161.20,10743000,$169.31,$171.45,$160.61
01/26/2022,$167.00,10492200,$168.58,$174.55,$163.90
01/25/2022,$165.45,10708500,$166.17,$170.32,$161.20
01/24/2022,$170.07,17489100,$162.18,$170.82,$158.60
01/21/2022,$164.93,11898700,$166.24,$172.04,$164.57
01/20/2022,$166.50,9468500,$174.53,$174.99,$166.29
01/19/2022,$172.47,10082700,$180.57,$181.21,$172.27
01/18/2022,$178.86,10471200,$185.87,$186.00,$178.27
01/14/2022,$188.69,9587300,$182.80,$190.09,$182.01
01/13/2022,$183.89,10190900,$188.70,$191.58,$183.29
01/12/2022,$186.42,7317500,$186.60,$189.46,$185.19
01/11/2022,$185.40,9591000,$179.19,$185.65,$177.22
01/10/2022,$179.68,11159300,$178.27,$180.00,$173.76
01/07/2022,$180.41,7386200,$186.60,$188.36,$180.12
01/06/2022,$185.95,9117700,$184.52,$188.47,$183.00
01/05/2022,$186.50,17141200,$186.50,$193.58,$184.73
01/04/2022,$187.23,8484200,$187.00,$188.93,$181.01
01/03/2022,$186.21,5990200,$182.91,$186.88,$182.24
12/31/2021,$182.87,4113300,$183.31,$185.15,$182.60
12/30/2021,$182.73,4108400,$185.88,$186.52,$182.31
12/29/2021,$186.20,5417200,$184.68,$187.39,$184.56
12/28/2021,$184.82,5399400,$186.59,$186.73,$183.49
12/27/2021,$186.33,4865900,$183.21,$186.41,$183.02
12/23/2021,$182.74,4918900,$181.53,$183.71,$181.38
12/22/2021,$181.38,5227200,$179.00,$181.52,$177.63
12/21/2021,$179.58,7702400,$179.38,$180.15,$174.22
12/20/2021,$176.67,6306400,$174.29,$177.08,$173.46
12/17/2021,$176.80,16232300,$175.73,$180.12,$175.02
12/16/2021,$178.15,14873000,$190.30,$192.68,$176.11
12/15/2021,$189.28,11082000,$183.97,$189.78,$179.98
12/14/2021,$181.98,8542800,$181.20,$183.90,$179.41
12/13/2021,$183.32,16346800,$186.85,$191.30,$183.11
12/10/2021,$183.88,6854800,$185.55,$185.55,$181.15
12/09/2021,$182.26,9398900,$181.77,$187.84,$181.51
12/08/2021,$182.63,4799400,$183.01,$183.72,$180.78
12/07/2021,$183.72,9910100,$179.07,$184.78,$178.50
12/06/2021,$175.45,8577500,$176.88,$176.98,$172.27
12/03/2021,$176.51,12111800,$178.04,$180.27,$173.71
12/02/2021,$177.03,13101400,$172.09,$177.89,$171.21
12/01/2021,$175.63,10637700,$180.89,$183.15,$175.32
11/30/2021,$180.56,19309200,$183.22,$186.81,$180.34
11/29/2021,$183.74,10440500,$179.48,$184.07,$179.00
11/26/2021,$175.74,7835900,$175.67,$180.25,$175.06
11/24/2021,$180.71,7886200,$179.52,$180.78,$177.33
11/23/2021,$180.94,10696200,$180.34,$181.33,$177.02
11/22/2021,$181.40,16062800,$181.11,$188.77,$180.98
11/19/2021,$185.00,11889100,$184.69,$186.60,$182.30
11/18/2021,$186.32,15542600,$185.24,$188.72,$182.75
11/17/2021,$183.54,21678900,$180.79,$186.33,$178.63
11/16/2021,$181.81,33338200,$168.11,$183.73,$167.06
11/15/2021,$168.51,12350200,$166.50,$169.94,$165.81
11/12/2021,$164.94,7371000,$165.00,$166.02,$164.33
11/11/2021,$164.42,7624200,$161.80,$165.56,$161.39
11/10/2021,$159.80,11327100,$165.09,$166.12,$159.03
11/09/2021,$166.74,12353900,$166.51,$169.52,$164.38
11/08/2021,$165.85,14541400,$163.21,$167.71,$161.28
11/05/2021,$163.03,27226600,$157.07,$168.55,$155.91
11/04/2021,$156.11,48321500,$156.32,$159.58,$153.30
11/03/2021,$138.48,13216000,$135.75,$138.85,$135.04
11/02/2021,$135.23,7321900,$134.55,$135.73,$134.12
11/01/2021,$134.81,6903000,$132.44,$134.87,$132.44
10/29/2021,$133.04,5251100,$132.86,$133.68,$132.45
10/28/2021,$133.69,5016700,$131.99,$133.83,$131.87
10/27/2021,$131.20,5090400,$131.94,$132.36,$130.51
10/26/2021,$131.94,5802200,$132.90,$133.79,$131.07
10/25/2021,$131.93,4876300,$131.82,$133.17,$131.30
10/22/2021,$131.62,5216200,$132.90,$133.69,$131.43
10/21/2021,$133.05,4579200,$132.00,$133.26,$131.40
10/20/2021,$132.16,4804100,$132.50,$133.01,$131.26
10/19/2021,$132.50,7330700,$131.02,$132.80,$130.32
10/18/2021,$130.12,5290000,$129.32,$130.27,$128.24
10/15/2021,$130.20,7609700,$129.02,$130.48,$128.68
10/14/2021,$128.66,10637900,$126.16,$129.30,$125.99
10/13/2021,$125.04,12373800,$125.20,$126.32,$123.52
10/12/2021,$122.95,10531500,$125.38,$125.47,$122.17
10/11/2021,$124.94,6288200,$126.06,$127.23,$124.88
10/08/2021,$126.55,6920500,$128.59,$128.59,$126.21
10/07/2021,$127.84,8010600,$129.26,$130.72,$127.59
10/06/2021,$128.06,8513700,$126.55,$128.27,$126.07
10/05/2021,$127.53,9244300,$126.13,$128.77,$125.69
10/04/2021,$126.68,8470300,$128.92,$129.79,$125.92
10/01/2021,$128.71,6863700,$129.80,$130.02,$126.47
09/30/2021,$128.98,6976800,$130.35,$131.08,$128.70
09/29/2021,$129.28,7037200,$130.59,$131.45,$128.89
09/28/2021,$129.90,8851700,$131.75,$132.74,$129.70
09/27/2021,$133.48,4319500,$132.43,$134.04,$132.02
09/24/2021,$133.88,4554600,$133.11,$134.55,$132.80
09/23/2021,$133.91,5918900,$133.75,$135.16,$133.22
09/22/2021,$133.01,5163000,$132.59,$133.49,$131.98
09/21/2021,$131.75,6175300,$133.59,$133.91,$131.28
09/20/2021,$132.76,9647100,$131.47,$133.12,$130.61
09/17/2021,$133.60,14550500,$137.81,$138.00,$133.14
09/16/2021,$138.40,6719900,$137.32,$138.96,$137.32
09/15/2021,$138.24,11289100,$140.81,$141.00,$137.52
09/14/2021,$141.14,6442100,$144.47,$144.81,$140.62
09/13/2021,$143.41,4312800,$144.02,$144.73,$142.03
09/10/2021,$142.68,6263300,$143.13,$146.00,$142.54
09/09/2021,$141.58,6190800,$142.47,$143.54,$141.45
09/08/2021,$142.52,5981300,$143.36,$143.62,$141.49
09/07/2021,$143.75,6361200,$144.68,$144.76,$143.12
09/03/2021,$144.63,5505800,$145.12,$145.99,$144.23
09/02/2021,$145.12,6006700,$146.70,$146.89,$144.51
09/01/2021,$146.45,6451400,$146.84,$148.10,$146.22
08/31/2021,$146.69,7820500,$146.80,$147.53,$144.56
08/30/2021,$145.94,5263600,$145.59,$147.86,$145.56
08/27/2021,$144.85,6274500,$142.20,$144.95,$141.92
08/26/2021,$142.38,6825100,$143.19,$143.76,$141.62
08/25/2021,$143.87,5721600,$144.46,$145.43,$143.47
08/24/2021,$144.46,7066800,$144.59,$145.59,$143.84
08/23/2021,$144.14,6936900,$142.65,$144.61,$142.35
08/20/2021,$142.09,6141000,$140.61,$142.26,$140.30
08/19/2021,$140.61,8661000,$140.65,$141.45,$138.96
08/18/2021,$142.18,6546500,$143.84,$144.66,$141.98
08/17/2021,$144.41,7256800,$146.95,$147.00,$143.57
08/16/2021,$148.13,4410800,$148.40,$149.08,$146.72
08/13/2021,$148.64,5764000,$147.00,$149.31,$146.93
08/12/2021,$147.15,5777700,$147.76,$148.00,$146.39
08/11/2021,$146.68,6216000,$146.06,$146.79,$144.40
08/10/2021,$145.87,4197100,$147.32,$147.50,$142.40
08/09/2021,$146.92,4966600,$146.79,$147.72,$145.75
08/06/2021,$146.28,5733300,$146.13,$148.23,$145.92
08/05/2021,$146.83,7169200,$147.24,$147.47,$144.57
08/04/2021,$148.22,5556400,$148.02,$149.20,$147.33
08/03/2021,$147.95,6223400,$148.91,$149.58,$146.56
08/02/2021,$148.86,10823800,$150.00,$152.28,$148.21
07/30/2021,$149.80,8404800,$149.20,$150.41,$148.36
07/29/2021,$150.99,19446900,$146.50,$151.52,$146.41
07/28/2021,$142.44,9303400,$141.27,$142.91,$140.14
07/27/2021,$140.93,7575800,$142.49,$143.00,$138.21
07/26/2021,$143.50,6253900,$143.95,$144.38,$142.24
07/23/2021,$144.88,6310400,$143.45,$144.99,$142.03
07/22/2021,$142.44,3862600,$142.00,$142.85,$141.50
07/21/2021,$142.17,6161900,$139.65,$142.22,$139.65
07/20/2021,$139.55,6020400,$139.02,$140.42,$137.20
07/19/2021,$138.79,9371300,$138.32,$138.90,$136.81
07/16/2021,$139.71,5914300,$141.87,$142.51,$139.53
07/15/2021,$141.46,6667400,$144.12,$144.14,$140.72
07/14/2021,$143.75,11305700,$143.50,$146.34,$142.50
07/13/2021,$141.18,5657600,$142.44,$142.66,$140.42
07/12/2021,$142.47,6786500,$141.40,$143.02,$141.20
07/09/2021,$141.43,7356800,$137.89,$141.73,$137.81
07/08/2021,$138.29,7501100,$137.72,$138.87,$135.60
07/07/2021,$139.97,5034900,$142.24,$142.36,$139.06
07/06/2021,$141.19,7095200,$143.00,$143.18,$139.68
07/02/2021,$142.58,5399100,$141.99,$142.68,$141.25
07/01/2021,$140.80,6094100,$142.91,$143.02,$140.35
06/30/2021,$142.93,6449700,$142.35,$143.63,$141.84
06/29/2021,$142.62,6885400,$139.63,$142.95,$139.25
06/28/2021,$139.72,6645500,$138.23,$140.17,$137.98
06/25/2021,$137.65,7949200,$138.45,$139.47,$136.97
06/24/2021,$137.92,7941700,$136.62,$138.51,$136.35
06/23/2021,$135.52,6613800,$134.89,$136.23,$134.81
06/22/2021,$135.08,5976400,$134.22,$135.31,$133.29
06/21/2021,$133.96,6371400,$133.05,$135.10,$132.66
06/18/2021,$133.00,12753600,$134.55,$134.58,$132.24
06/17/2021,$135.35,6618300,$134.31,$136.62,$134.09
06/16/2021,$134.95,7404700,$136.47,$137.05,$133.66
06/15/2021,$135.58,5723600,$137.14,$137.38,$135.23
06/14/2021,$137.31,7912600,$135.20,$137.31,$134.79
06/11/2021,$134.62,6529900,$133.80,$134.65,$133.65
06/10/2021,$134.22,5522300,$133.05,$135.10,$132.58
06/09/2021,$132.89,6717200,$135.10,$135.35,$132.79
06/08/2021,$134.20,9657900,$134.06,$135.39,$133.00
06/07/2021,$133.32,5563300,$133.70,$133.77,$132.64
06/04/2021,$134.34,7416700,$132.53,$135.05,$132.20
06/03/2021,$131.78,6644000,$132.65,$133.39,$131.42
06/02/2021,$133.82,6026000,$133.18,$134.73,$132.47
06/01/2021,$133.94,7059600,$135.10,$136.07,$133.53
05/28/2021,$134.54,7042200,$134.15,$135.64,$133.95
05/27/2021,$133.64,7379300,$132.73,$134.64,$132.71
05/26/2021,$133.09,6663300,$133.87,$134.52,$132.22
05/25/2021,$133.75,7271400,$133.54,$134.30,$132.80
05/24/2021,$132.91,8229300,$131.33,$134.00,$131.33
05/21/2021,$131.46,8674000,$132.14,$132.69,$130.49
05/20/2021,$132.64,9208400,$131.53,$133.28,$131.46
05/19/2021,$130.66,8112900,$127.19,$130.83,$126.45
05/18/2021,$128.91,8651100,$130.64,$131.24,$128.79
05/17/2021,$129.80,5917400,$129.29,$129.83,$127.71
05/14/2021,$130.15,9391100,$128.63,$131.42,$127.81
05/13/2021,$127.11,10633000,$127.12,$128.48,$125.87
05/12/2021,$124.62,13529600,$126.03,$127.13,$123.68
05/11/2021,$128.37,11948000,$125.25,$128.56,$124.77
05/10/2021,$128.94,19537200,$136.02,$136.68,$128.82
05/07/2021,$137.85,6893700,$136.94,$138.69,$136.29
05/06/2021,$136.00,8352500,$134.49,$136.54,$133.10
05/05/2021,$134.65,6285500,$136.08,$136.45,$134.11
05/04/2021,$134.12,11996300,$136.00,$136.00,$132.42
05/03/2021,$137.43,7920300,$139.70,$139.76,$136.87
04/30/2021,$138.80,11374600,$141.07,$142.09,$138.26
04/29/2021,$142.68,20502100,$145.01,$145.30,$140.67
04/28/2021,$136.57,13118100,$138.17,$138.27,$135.75
04/27/2021,$138.01,9284500,$138.71,$139.38,$136.98
04/26/2021,$138.96,9715400,$135.33,$139.69,$135.12
04/23/2021,$135.43,7666600,$133.74,$136.11,$133.54
04/22/2021,$132.97,8345100,$135.37,$135.96,$132.47
04/21/2021,$136.19,7237900,$132.82,$136.37,$132.50
04/20/2021,$133.40,7473700,$134.55,$134.78,$132.79
04/19/2021,$135.25,8728900,$136.90,$137.05,$134.09
04/16/2021,$138.21,6583900,$137.62,$139.01,$136.65
04/15/2021,$137.84,11733200,$136.00,$137.99,$135.57
04/14/2021,$134.75,9967800,$137.08,$137.84,$133.91
04/13/2021,$137.30,9225200,$138.38,$138.77,$135.75
04/12/2021,$137.44,10355500,$138.86,$139.89,$136.05
04/09/2021,$140.57,6033200,$139.90,$140.68,$138.88
04/08/2021,$140.34,7304900,$140.00,$140.37,$138.81
04/07/2021,$139.43,6958500,$138.33,$139.95,$137.40
04/06/2021,$138.06,9100000,$139.85,$140.23,$137.64
04/05/2021,$140.33,12562800,$139.04,$140.50,$138.23
04/01/2021,$137.79,14069600,$134.50,$138.43,$133.60
03/31/2021,$132.59,8361300,$130.96,$133.52,$130.57
03/30/2021,$130.11,7097300,$130.17,$131.24,$129.07
03/29/2021,$131.27,9750100,$132.54,$133.34,$129.77
03/26/2021,$132.99,11071600,$127.06,$133.35,$127.04
03/25/2021,$127.28,10460800,$126.66,$127.64,$124.39
03/24/2021,$127.18,10962300,$132.99,$133.06,$127.11
03/23/2021,$132.52,7425700,$134.00,$134.35,$131.41
03/22/2021,$134.09,9036900,$132.96,$135.55,$132.60
03/19/2021,$131.02,17599900,$129.79,$132.48,$129.17
03/18/2021,$129.75,9579000,$132.44,$133.60,$129.66
03/17/2021,$133.92,10781500,$131.31,$135.60,$129.68
03/16/2021,$133.65,10434700,$132.89,$135.44,$132.29
03/15/2021,$131.64,7807200,$130.06,$131.76,$129.12
03/12/2021,$129.98,9365700,$129.90,$130.33,$127.62
03/11/2021,$131.74,11920200,$131.01,$133.24,$130.01
03/10/2021,$127.87,12492300,$130.67,$131.10,$127.64
03/09/2021,$129.11,13130200,$127.39,$129.92,$126.33
03/08/2021,$123.20,15256100,$129.00,$129.77,$122.99
03/05/2021,$129.75,13292000,$130.92,$131.17,$125.40
03/04/2021,$127.80,15831100,$132.35,$134.20,$126.58
03/03/2021,$131.66,14862700,$135.60,$136.18,$131.54
03/02/2021,$137.04,8693200,$140.00,$140.10,$136.77
03/01/2021,$139.49,9421400,$137.50,$139.63,$136.46
02/26/2021,$136.19,11772600,$136.76,$138.15,$134.70
02/25/2021,$135.53,12701100,$139.56,$140.83,$135.02
02/24/2021,$141.10,13146200,$136.40,$141.18,$135.09
02/23/2021,$137.12,14425300,$136.38,$138.48,$134.44
02/22/2021,$139.46,12763900,$142.25,$144.12,$139.08
02/19/2021,$144.94,10012500,$144.78,$145.85,$143.49
02/18/2021,$143.91,8404400,$143.54,$144.70,$142.96
02/17/2021,$144.75,11937200,$145.82,$146.89,$143.42
02/16/2021,$147.16,10211900,$149.00,$149.74,$146.06
02/12/2021,$147.98,9155200,$145.57,$151.40,$144.87
02/11/2021,$145.56,11600200,$145.78,$146.57,$143.53
02/10/2021,$145.50,11701300,$147.62,$147.75,$144.37
02/09/2021,$146.11,11681300,$147.55,$148.50,$145.90
02/08/2021,$147.38,12181600,$147.10,$147.60,$145.30
02/05/2021,$145.84,24695400,$148.85,$148.90,$144.62
02/04/2021,$147.97,46141800,$150.18,$151.78,$145.20
02/03/2021,$162.30,14156700,$167.58,$167.58,$161.80
02/02/2021,$164.78,6926500,$164.51,$165.38,$161.30
02/01/2021,$161.58,8265100,$157.37,$162.40,$156.49
01/29/2021,$156.28,9502100,$160.25,$160.64,$154.75
01/28/2021,$155.55,8087400,$156.28,$158.97,$153.11
01/27/2021,$153.67,9854000,$158.49,$160.73,$152.69
01/26/2021,$162.55,6554200,$164.20,$164.65,$160.91
01/25/2021,$164.40,5370800,$164.32,$167.05,$161.73
01/22/2021,$162.42,5062300,$164.00,$164.27,$161.52
01/21/2021,$164.75,6295700,$165.81,$166.49,$163.34
01/20/2021,$164.60,7943300,$164.72,$167.94,$164.44
01/19/2021,$163.77,8209000,$158.94,$164.10,$158.45
01/15/2021,$157.09,8607400,$160.77,$160.86,$156.88
01/14/2021,$160.85,10102400,$159.40,$163.18,$158.50
01/13/2021,$157.42,5479900,$155.19,$157.93,$153.65
01/12/2021,$154.45,4385700,$156.64,$156.87,$153.96
01/11/2021,$156.11,5147800,$156.10,$158.13,$154.92
01/08/2021,$156.64,6252400,$157.23,$157.53,$154.54
01/07/2021,$155.70,8482300,$152.33,$156.42,$152.26
01/06/2021,$151.19,7174600,$151.53,$153.87,$149.47
01/05/2021,$152.43,8507200,$148.65,$152.70,$148.50
01/04/2021,$148.50,9827000,$153.01,$155.15,$147.14
